Indianapolis Monumental Marathon Half Marathon 5K and Kids' Run|Downtown Indianapolis|1
Power Recycling Weekend|Indianapolis Zoo located in White River State Park|1-2
Greater Greenwood Community Band - Fall Concert|Greenwood High School|1
Prairie Plates - Whole Hog at the Prairie House|Conner Prairie Interactive History Park|1
Haunted Indianapolis Downtown Ghost Walk|Soldiers & Sailors Monument/Monument Circle|1
Kelli O'Hara - 2014 Fund Raiser|The Cabaret! at the Columbia Club|1
Joe Nichols|8 Seconds Saloon|1
Whole Hog Butchering with Goose the Market|Conner Prairie Interactive History Park|1
Raise the Woof|Crowne Plaza Indianapolis Airport|1
SoCo Dusk Run|Downtown Indianapolis|1
Hammer and Tongs|Conner Prairie Interactive History Park|1
Opening Party - Georgia O'Keeffe and the Southwestern Still Life|Indianapolis Museum of Art|1
Children\u2019s Make a Kazoo Workshop|Rhythm! Discovery Center|1
Indy Cooking Expo|Indiana State Fairgrounds|1-2
Righno Grand Opening Party|Righno|1
Pepsi HANKFEST|Indiana State Fairgrounds|2
Alton Brown Live - The Edible Inevitable Tour|Clowes Memorial Hall of Butler University|2
In Collaboration - The Milk Carton Kids & Sarah Jarosz|The Center for the Performing Arts|3
12 Chefs of Christmas Pairing Party|Tomlinson Tap Room|3
Election Day: Live from Delaware Street|Benjamin Harrison Presidential Site Inc.|4
Milwaukee Bucks vs. Indiana Pacers|Bankers Life Fieldhouse|4
Fitz and the Tantrums|Old National Centre|4
An Evening with Jason Mraz and Raining Jane|Old National Centre|5
Christmas Gift & Hobby Show|Indiana State Fairgrounds|5-9
Kix Brooks|The Center for the Performing Arts|6
Prairie Tykes|Conner Prairie Interactive History Park|6-7
Last Comic Standing|Old National Centre|6
Printing Partners Pops Series: An Evening with Megan Hilty|Hilbert Circle Theatre|7-8
Moscow State Symphony Orchestra|The Center for the Performing Arts|7
LEGO KidsFest Indiana|Indiana Convention Center & Lucas Oil Stadium|7-9
Indianapolis LGBT Film Festival|Indianapolis Museum of Art|7-9
Spirit & Place Civic Festival: Journey|Downtown Indianapolis|7-16
Wise Traditions Nutrition and Health Conference|JW Marriott Indianapolis|7-9
VonnegutFest|Kurt Vonnegut Memorial Library|7-8
Music at The Loft: Michael Beck and Seth Jenkins|Traders Point Creamery|7
Spirit & Place Civic Festival - Opening Night - Taking it ALL In|Old City Hall|7
Dancing Pros Live!|Old National Centre|8
Rhythm! 5 Year Anniversary Celebration|Rhythm! Discovery Center|8
Vintage Paper Ornament Class|Indianapolis Museum of Art|8
Great Indy Pet Expo|Indiana State Fairgrounds|8-9
Spirit & Place Civic Festival - Love Starts Here|Indiana Interchurch Center|8
Washington Wizards vs. Indiana Pacers|Bankers Life Fieldhouse|8
symFUNy Sunday: Life and Times of Beethoven|Hilbert Circle Theatre|9
George Benson - Inspiration - A Tribute to Nat King Cole|The Center for the Performing Arts|9
Heroes from the Heartland Program Day|Indiana State Museum located in White River State Park|9
An Irish Christmas|Old National Centre|9
Spirit & Place Civic Festival - Life Dances|Arthur M. Glick JCC|9
Howl N' Wine - A Reception to Benefit the Hounds|[u"Chef Joseph's at The Connoisseur Room|9
Utah Jazz vs. Indiana Pacers|Bankers Life Fieldhouse|10
American Pianists Association Jazz Concert Series - Sullivan Fortner|Eskenazi Health|11
Spirit & Place Civic Festival - Wilderness to World Class City|Athenaeum Theatre|11
Carnage|Old National Centre|12
Bubba Sparxx|Old National Centre|13
Forbes - Reinventing America - The Innovation Summit|JW Marriott Indianapolis|13
Rock + Reel - 20|000 Days on Earth|White Rabbit Cabaret|13
A Global Health Journey|Timmy Global Health Headquarters|13
Music for All's Bands of America Grand Nationals 2014|Lucas Oil Stadium|13-15
Spirit & Place Civic Festival - Separate Ways - Travel Stories| Karaoke| & Chinese Food|Szechwan Garden|13
Tania Perez-Salas Compa\xf1ia de Danza|The Center for the Performing Arts|14-15
Storewide Semi-Annual Sale|Southport Antique Mall|14-16
Christine Ebersole|The Cabaret! at the Columbia Club|14-15
Music at The Loft: Gordon Bonham and Dave Murray|Traders Point Creamery|14
Spirit & Place Civic Festival - Celebrations|Broadway United Methodist Church|14
Denver Nuggets vs. Indiana Pacers|Bankers Life Fieldhouse|14
Black Veil Brides|Old National Centre|14
Music at The Loft: Gordon Bonham and Dave Murray|Traders Point Creamery|14
Spirit & Place Civic Festival - Celebrations|Broadway United Methodist Church|14
Denver Nuggets vs. Indiana Pacers|Bankers Life Fieldhouse|14
Black Veil Brides|Old National Centre|14
Monster Energy Presents Garfunkel and Oates|Old National Centre|15
New Politics with Bad Suns and SomeKindaWonderful|Old National Centre|15
Conner Prairie at Dawn|Conner Prairie Interactive History Park|15
Mouth Puppets Galore Mini Camp|[]|15
Collector's Closet|Indianapolis Hebrew Congregation|15-16
Wheeling Nailers vs. Indy Fuel|Indiana State Fairgrounds Coliseum|15
New England Patriots vs. Indianapolis Colts|Lucas Oil Stadium|16
Spirit & Place Civic Festival - From Plant to Popcorn - How Do They Do That?|IUPUI Campus Center|16
Spirit & Place Civic Festival - Play's the Thing|CSz Indianapolis|16
Menopause The Musical|Old National Centre|18-23
Charlotte Bobcats vs. Indiana Pacers|Bankers Life Fieldhouse|19
Orlando Solar Bears vs. Indy Fuel|Indiana State Fairgrounds Coliseum|19
KeyBank Coffee Classical Series: Venzago Conducts Beethoven\'s "Eroica"|Hilbert Circle Theatre|20
George Winston|The Center for the Performing Arts|20
Prairie Tykes|Conner Prairie Interactive History Park|20-21
9th Annual Hazelett Women in Leadership Forum|Indianapolis Public Library - Central Library|20
Mouth Puppets Galore Mini Camp|[]|15
Collector's Closet|Indianapolis Hebrew Congregation|15-16
Wheeling Nailers vs. Indy Fuel|Indiana State Fairgrounds Coliseum|15
New England Patriots vs. Indianapolis Colts|Lucas Oil Stadium|16
Spirit & Place Civic Festival - From Plant to Popcorn - How Do They Do That?|IUPUI Campus Center|16
Spirit & Place Civic Festival - Play's the Thing|CSz Indianapolis|16
Menopause The Musical|Old National Centre|18-23
Charlotte Bobcats vs. Indiana Pacers|Bankers Life Fieldhouse|19
Orlando Solar Bears vs. Indy Fuel|Indiana State Fairgrounds Coliseum|19
KeyBank Coffee Classical Series: Venzago Conducts Beethoven\'s "Eroica"|Hilbert Circle Theatre|20
George Winston|The Center for the Performing Arts|20
Prairie Tykes|Conner Prairie Interactive History Park|20-21
9th Annual Hazelett Women in Leadership Forum|Indianapolis Public Library - Central Library|20
Tony Bennett with Very Special Guest Antonia Bennett|The Center for the Performing Arts|21
Tonic Ball 13|Fountain Square Cultural District|21
B-Movie Bingo with Wolf Choir and Hollywood Theater - The Stabilizer|Indianapolis Museum of Art|21
White Christmas|Footlite Musicals|21-December-14
Midnight Shopper|Mass Ave Arts District|21
Lilly Classical Series: Venzago Conducts Beethoven\'s "Eroica"|Hilbert Circle Theatre|21
Spencers - Theatre of Illusion|The Center for the Performing Arts|22
Peanut Butter & Jam - Kelli Lewis from Music Together|The Center for the Performing Arts|22
Timmy Takedown|Park Tudor School|22
Evening with the Stars|Clowes Memorial Hall of Butler University|22
Evergreen Wreath-Making Class|Indianapolis Museum of Art|22
Jacksonville Jaguars vs. Indianapolis Colts|Lucas Oil Stadium|23
Randy Newman|The Center for the Performing Arts|23
Tony Bennett with Very Special Guest Antonia Bennett|The Center for the Performing Arts|21
Tonic Ball 13|Fountain Square Cultural District|21
B-Movie Bingo with Wolf Choir and Hollywood Theater - The Stabilizer|Indianapolis Museum of Art|21
White Christmas|Footlite Musicals|21-December-14
Midnight Shopper|Mass Ave Arts District|21
Lilly Classical Series: Venzago Conducts Beethoven\'s "Eroica"|Hilbert Circle Theatre|21
Spencers - Theatre of Illusion|The Center for the Performing Arts|22
Peanut Butter & Jam - Kelli Lewis from Music Together|The Center for the Performing Arts|22
Timmy Takedown|Park Tudor School|22
Evening with the Stars|Clowes Memorial Hall of Butler University|22
Evergreen Wreath-Making Class|Indianapolis Museum of Art|22
Jacksonville Jaguars vs. Indianapolis Colts|Lucas Oil Stadium|23
Randy Newman|The Center for the Performing Arts|23
WWE Monday Night Raw|Bankers Life Fieldhouse|24
Hoodie Allen with Chiddy Bang and Taylor Bennett|Old National Centre|25
Celtic Thunder Symphony Tour|The Center for the Performing Arts|26
Chase Rice with Michael Ray|Old National Centre|26
Thanksgiving Brunch Buffet|1881 Grille at Marten House Hotel and Lilly Conference Center|27
Jackyl|8 Seconds Saloon|28
Circle of Lights Tree Lighting|Soldiers & Sailors Monument/Monument Circle|28
Trace Adkins - The Christmas Show|Morris Performing Arts Center|28
A Very Phoenix Xmas 9: Flashing Through The Snow|The Phoenix Theatre|28
Celebration Crossing - Opening Day|Indiana State Museum located in White River State Park|28
Celebration Crossing - Up| Up & Away|Indiana State Museum located in White River State Park|28
Orlando Magic vs. Indiana Pacers|Bankers Life Fieldhouse|28
Celebration Crossing Opening - Santa Lands by Helicopter|Indiana State Museum located in White River State Park|28
WWE Monday Night Raw|Bankers Life Fieldhouse|24
Hoodie Allen with Chiddy Bang and Taylor Bennett|Old National Centre|25
Celtic Thunder Symphony Tour|The Center for the Performing Arts|26
Chase Rice with Michael Ray|Old National Centre|26
Thanksgiving Brunch Buffet|1881 Grille at Marten House Hotel and Lilly Conference Center|27
Jackyl|8 Seconds Saloon|28
Circle of Lights Tree Lighting|Soldiers & Sailors Monument/Monument Circle|28
Trace Adkins - The Christmas Show|Morris Performing Arts Center|28
A Very Phoenix Xmas 9: Flashing Through The Snow|The Phoenix Theatre|28-December-21
Celebration Crossing - Opening Day|Indiana State Museum located in White River State Park|28
Celebration Crossing - Up| Up & Away|Indiana State Museum located in White River State Park|28
Orlando Magic vs. Indiana Pacers|Bankers Life Fieldhouse|28
Celebration Crossing Opening - Santa Lands by Helicopter|Indiana State Museum located in White River State Park|28
Cincinnati Cyclones vs. Indy Fuel|Indiana State Fairgrounds Coliseum|28-29
The Werks|Old National Centre|29
Indy Folk Series - Open Mic Night|Unitarian Universalist Church of Indianapolis|29
Silent Night|Indianapolis Museum of Art|29
Santa's Holiday Breakfast|Indiana State Museum located in White River State Park|29-30
Washington Redskins vs. Indianapolis Colts|Lucas Oil Stadium|30
Charlie Daniels Band|The Center for the Performing Arts|30